﻿id,Chapter,C_name,string_kr,command,image_name,dir
1,3,로벨리아,어서 ... 요!,,robellia_normal_1,right_alone
2,3,로벨리아,... 나요?,,robellia_normal_1,right_alone
3,3,로벨리아,... 오세요!,,robellia_normal_1,right_alone
,,, ,,,
4,3,윙맨,"윽, 텅 비었잖아",,wingman_normal_1,left
5,3,윙맨,뭐가 이렇게 하나도 없어?,,wingman_normal_1,left
6,3,윙맨,... 총?,,wingman_normal_1,left
7,3,윙맨,이거라도...,,wingman_normal_1,left
8,3,윙맨,으아아아악!!!!!,,wingman_normal_1,left
9,3,리퍼,누가 널 보냈지?,,reaper_normal_1,right
10,3,윙맨,난 아무것도 몰라!!!,,wingman_normal_1,left
11,3,윙맨,이거 놔!!!,,wingman_normal_1,left
12,3,리퍼,여기가 설리번의 건물인걸 모르나보지?,,reaper_normal_1,right
13,3,리퍼,마지막으로 묻겠다,,reaper_normal_1,right
14,3,리퍼,누가 널 보냈지?,,reaper_normal_1,right
15,3,윙맨,서.. 설리번?!,,wingman_normal_1,left
16,3,윙맨,나... 난 그런거... 모른다고!!!,,wingman_normal_1,left
,,, ,,,
17,3,윙맨,오늘 나온 신문이에요!,,wingman_normal_1,right
18,3,윙맨,신문 사세요!,,wingman_normal_1,right
19,3,윙맨,신사분! 신문 필요하세요?,,wingman_normal_1,right
20,3,윙맨,...?,,wingman_normal_1,right
21,3,윙맨,!!!,,wingman_normal_1,right
22,3,리퍼,필요해,!branch 1,reaper_normal_1,left
,3,리퍼,쓸모없어,"!move 31,!brutal,!branch 1",,
23,3,리퍼,팔지 않는건가?,,reaper_normal_1,left
24,3,윙맨,아.. 어..!<br>파.. 팔아요!!!,,wingman_normal_1,right
26,3,윙맨,아저씨!,,wingman_normal_1,left
27,3,윙맨,신문값은 주셔야죠!,,wingman_normal_1,left
28,3,리퍼,흠?,,reaper_normal_1,right
29,3,리퍼,가져갔던거 아니였나?,,reaper_normal_1,right
30,3,리퍼,집까지 직접 찾아와서 말이야,,reaper_normal_1,right
31,3,윙맨,.....,,wingman_normal_1,left
,,, ,,,
32,3,설리번,늦었군,,sullivan_normal_1,right
33,3,설리번,어제와 같은 일이야,,sullivan_normal_1,right
34,3,설리번,"다만, 오늘은 성과가 있었으면 좋겠군",,sullivan_normal_1,right
35,3,설리번,이미 봤겠지만 동료들이 밖에서 기다리고있네,,sullivan_normal_1,right
36,3,설리번,그 녀석과 함께 가도록 하게,,sullivan_normal_1,right
37,3,설리번,더 얘기할 것이 있나?,,sullivan_normal_1,right
38,3,리퍼,침입자가 있었어,!branch 2,reaper_normal_1,left
,3,리퍼,...,"!move 45,!branch 2",,
39,3,리퍼,은신처에 누군가가 침입했었어,,reaper_normal_1,left
40,3,리퍼,이 일에 대해서 아는 사실이 있나?,,reaper_normal_1,left
41,3,설리번,뭐?<br>내가 잘 못 들은건 아니겠지?,,sullivan_normal_1,right
42,3,설리번,신사답게 대하려 했건만... 나를 화나게 만드는군,,sullivan_normal_1,right
43,3,설리번,우리 구역에서 이딴 짓거리를 하면 어떻게 되는지,,sullivan_normal_1,right
44,3,설리번,망할 고양이들한테 똑똑히 알려주게,,sullivan_normal_1,right
45,3,설리번,이제 일어나보게,,sullivan_normal_1,right
,,, ,,,
46,3,조지,"리퍼, 무사하셔서 다행입니다!",,joji_normal_1,left
47,3,조지,몸은 괜찮으십니까?,,joji_normal_1,left
48,3,리퍼,"... 조지, 맞나?",,reaper_normal_1,right
49,3,리퍼,총을 맞았다고 들었는데?,,reaper_normal_1,right
50,3,조지,총 말씀이십니까?,,joji_normal_1,left
51,3,조지,"아아, 고양이녀석들 말씀이시군요",,joji_normal_1,left
52,3,리퍼,조금 소란이 있었지만 총알도 빗겨나갔고 큰 문제는 없습니다,,reaper_normal_1,right
53,3,리퍼,"다행이군<br>자네가 나를 구했다고 들었어, 큰 빚을 졌군",,reaper_normal_1,right
54,3,조지,어떻게 가족을 버리겠습니까,,joji_normal_1,left
55,3,조지,리퍼가 아니였더라도 그렇게 했을겁니다,,joji_normal_1,left
56,3,리퍼,믿음직스럽군,,joji_normal_1,left
57,3,조지,이제 슬슬...,,joji_normal_1,left
58,3,잭,죽여라...,,jack_normal_1,right
59,3,리퍼,...!,,reaper_normal_1,left
60,3,잭,인간을...,,jack_normal_1,right
61,3,잭,그 때 처럼...,,jack_normal_1,right
62,3,조지,"리퍼, 괜찮으십니까?",,joji_normal_1,left
63,3,리퍼,"조지, 미안하지만 혼자 처리하겠어",,reaper_normal_1,right
,,, ,,,
64,3,경찰1,정말 미치겠군,,police1_normal_1,right
65,3,경찰1,설리번으로도 벅찬데...<br>이 녀석들은 도대체 왜 이러는거지?,,police1_normal_1,right
66,3,경찰2,"이래서 초짜녀석이랑 같이 있기 싫다니깐<br>""검은 고양이"" 들어본 적 없나?",,police2_normal_1,left
67,3,경찰1,한번정도는 들어본 것 같습니다,,police1_normal_1,right
68,3,경찰2,설리번이랑은 다르게 더러운 일을 전문으로 하는 녀석들이야,,police2_normal_1,left
69,3,경찰2,소문으론 이 도시에서 일어나는 살인은 대부분 그 녀석들이라더군,,police2_normal_1,left
70,3,경찰1,잡을수는 없는겁니까?,,police1_normal_1,right
71,3,경찰2,"초짜녀석<br>말 했잖아, 더러운 녀석들이라고",,police2_normal_1,left
72,3,경찰2,어떤 행동을 한지 모르겠지만 기록이 전혀 남아있지않아,,police2_normal_1,left
73,3,경찰2,하지만 이런 식으로 모습을 보일줄이야,,police2_normal_1,left
74,3,사진기자,여기에 무슨 일이 있었던거죠?,,police2_normal_1,left
75,3,경찰1,알려드릴 수 없습니다,,police2_normal_1,left
76,3,경찰1,돌아가세요,,Photo_normal_1,left
77,3,사진기자,그러면 이건 어떠세요?,,police1_normal_1,right
78,3,사진기자,제가 솔깃한 제안을 하나 드릴게요,,police1_normal_1,right
79,3,경찰2,짜증나게 만드는군,,Photo_normal_1,left
80,3,경찰2,한마디만 더 했다간 다신 못일어나게 해주지,,police2_normal_1,left
,,, ,,,
81,3,잭,하얀색 옷...,,jack_normal_1,left_alone
82,3,잭,죽이겠다...,,jack_normal_1,left_alone
83,3,잭,그때 처럼...,,jack_normal_1,left_alone
84,3,잭,... 나를 만든,,jack_normal_1,left_alone
85,3,잭,인간을,,jack_normal_1,left_alone
,,, ,,,
86,3,폭력배1,여긴 우리 구역인거 몰랐어?,,gangster1_normal_1,right
87,3,폭력배1,전에도 말했던걸로 기억하는데?,,gangster1_normal_1,right
88,3,윙맨,그딴게 어딨어!,,wingman_normal_1,left
89,3,윙맨,그.. 그리고 난... 설리번 패밀리라고!!!,,wingman_normal_1,left
90,3,윙맨,내가 이렇게 된 걸 알면 가만두지 않을거야!!!,,wingman_normal_1,left
91,3,폭력배1,하하하! 허풍이 지나치군,,gangster1_normal_1,right
92,3,폭력배1,"얘들아, 밟아",,gangster1_normal_1,right
93,3,리퍼,...,,reaper_normal_1,right
94,3,폭력배1,"아저씨, 다치기 싫으면 저리 꺼져",,gangster1_normal_1,left
95,3,폭력배2,이... 이런 미친...!,,gangster2_normal_1,left
96,3,폭력배1,고작 저런 사람 하나가지고 왜 이렇게 호들갑이야?,,gangster1_normal_1,left
97,3,폭력배1,죽여!,,gangster1_normal_1,left
,,,,,,
